Account,Level,Account Name,Account Title,Standard Cost Equation?,Optional Variable,Optional Value,Sec Optional Variable,Sec Optional Value,Fixed Cost ($),Unit Cost,Unit Cost (units),Scaling Variable,Scaling Variable Ref Value,Units,Exponent,Dollar Year,Type,Source,Ref,Link,Notes,FOAK to NOAK Multiplier Type,Fixed Cost Low End,Fixed Cost High End,Fixed Cost Distribution,Unit Cost Low End,Unit Cost High End,Unit Cost Distribution,Exponent std,Exponent Max,Exponent Min,Exponent Distribution
10,0,Capitalized Pre-Construction Costs,Capitalized Pre-Construction Costs,,,,,,,,,,,,,,,,,,,,,,,,,,,,,
11,1,Land Cost,      Land Cost,standard,,,,,,3800,$/acres,Land Area,,acres,,2022,General,The average cost per acre for rural land in 2022 from the US Department of Agriculture,"Abou-Jaoude, A., Lohse, C. S., Larsen, L. M., Guaita, N., Trivedi, I., Joseck, F. C., ... & Stein, A. (2024). Meta-analysis of advanced nuclear reactor cost estimations (No. INL/RPT-24-77048-Rev001). Idaho National Laboratory (INL), Idaho Falls, ID (United States).",https://inldigitallibrary.inl.gov/sites/sti/sti/Sort_107010.pdf,,No Learning,0,0,Lognormal,3420,4940,Lognormal,0.1,1,0,Truncated Normal
12,1,Site Permits,      Site Permits,standard,,,,,,10030,$/MWe,Power MWe,,MWe,,2022,Labor,Data from SMR MHTGRs,,,,No Learning,0,0,Lognormal,9027,13039,Lognormal,0.1,1,0,Truncated Normal
13,1,Plant Licensing,      Plant Licensing,standard,,,,,27025000,,,,,,,2024,Labor,NRC Website,"Using data from the NRC website that the cost is between 45 and 70M
https://www.nrc.gov/about-nrc/regulatory/licensing/general-fee-questions.pdf


Also, using recent change to the NRC fees by a factor of 0.47
https://ignition-news.com/the-nrc-passes-new-rules-for-advanced-reactor-companies/#:~:text=Under%20a%20rule%20published%20in,2024%2C%20which%20takes%20effect%20Oct. ",https://art.inl.gov/NGNP/INL%20Documents/Year%202012/Assessment%20of%20High%20Temperature%20Gas-Cooled%20Reactor%20-%20HTGR%20-%20Capital%20and%20Operating%20Costs.pdf,,Licensing Learning,21150000,32900000,Uniform,0,0,Lognormal,0.1,1,0,Truncated Normal
14,1,Plant Permits,      Plant Permits,standard,,,,,3000000,,,,,,,2009,Labor,NGNP project,"Gandrik, A., B. Wallace, L. Demick, S. Melancon and M. Patterson (2011). ""Assessment of high temperature gas-cooled reactor (HTGR) capital and operating costs."" Idaho National Laboratory, TEV-1196, Idaho Falls, ID.",,,No Learning,2700000,4500000,Lognormal,0,0,Lognormal,0.1,1,0,Truncated Normal
15,1,Plant Studies,      Plant Studies,standard,,,,,5210451,,,,,,,2024,Labor,MARVEL Project (Labor-adjusted Cost),"Hanna, B. N., Gonzaga de Oliveira, R. G., Mohammad Al Dawood, K. A., Patterson, M. D., Abou Jaoude, A., & Garcia, S. (2024). Technoeconomic Evaluation of Microreactor Using Detailed Bottom-up Estimate (No. INL/RPT-24-80433-Rev000). Idaho National Laboratory (INL), Idaho Falls, ID (United States).",https://inldigitallibrary.inl.gov/sites/sti/sti/Sort_129862.pdf,MARVEL's data were updated,No Learning,4689405.9,7815676.5,Lognormal,0,0,Lognormal,0.1,1,0,Truncated Normal
20,0,Capitalized Direct Costs,Capitalized Direct Costs,,,,,,,,,,,,,,,,,,,,,,,,,,,,,
21,1,Structures and Improvements,      Structures and Improvements,,,,,,,,,,,,,,,,,,,,,,,,,,,,,
211,2,Site Preparation/ Yard Work,            Site Preparation/ Yard Work,,,,,,,,,,,,,,,,,,,,,,,,,,,,,
211.1,3,Cleaning and Grubbing,                  Cleaning and Grubbing,standard,,,,,,5862.879400000001,$/acres,Land Area,,acres,,2024,Lab and Equip,"RSMeans software: a tool that primarily provides costs for non-nuclear work
Nuclear Multiplier have been applied to adjust the costs for nuclear-site-related work","GORDIAN. (2024). ""RSMeans data. 
&
Delene, J. G. and I. Hudson, C. R. (1993). Cost estimate guidelines for advanced nuclear power technologies. United States, Oak Ridge National Lab. (ORNL), Oak Ridge, TN (United States): Medium: ED; Size: 159 p.","https://www.rsmeans.com/
&
https://www.osti.gov/biblio/10176857",,Onsite Learning,0,0,Lognormal,5276.591460000001,7621.743220000001,Lognormal,0.1,1,0,Truncated Normal
211.2,3,Stripping Topsoil,                  Stripping Topsoil,standard,,,,,,3411.716,$/acres,Land Area,,acres,,2024,Lab and Equip,,,,,Onsite Learning,0,0,Lognormal,3070.5443999999998,4435.2308,Lognormal,0.1,1,0,Truncated Normal
211.3,3,Excavation,                  Excavation,standard,,,,,,32.004,$/m^3,Excavation Volume,,m^3,,2024,Lab and Equip,,,,,Onsite Learning,0,0,Lognormal,28.8036,41.605199999999996,Lognormal,0.1,1,0,Truncated Normal
212,2,Reactor Island Civil Structures,            Reactor Island Civil Structures,,,,,,,,,,,,,,,,,,,,,,,,,,,,,
212.1,3,Reactor Building Slab Roof,                  Reactor Building Slab Roof,standard,,,,,,1836,$/m^3,Reactor Building Slab Roof Volume,,m^3,,2024,Lab and Mat and Equip,"RSMeans software: a tool that primarily provides costs for non-nuclear work
Nuclear Multiplier have been applied to adjust the costs for nuclear-site-related work","GORDIAN. (2024). ""RSMeans data. 
&
Delene, J. G. and I. Hudson, C. R. (1993). Cost estimate guidelines for advanced nuclear power technologies. United States, Oak Ridge National Lab. (ORNL), Oak Ridge, TN (United States): Medium: ED; Size: 159 p.","https://www.rsmeans.com/
&
https://www.osti.gov/biblio/10176857",,Onsite Learning,0,0,Lognormal,1652.4,2386.8,Lognormal,0.1,1,0,Truncated Normal
212.2,3,Reactor Building Basement,                  Reactor Building Basement,standard,,,,,,1444.167,$/m^3,Reactor Building Basement Volume,,m^3,,2024,Lab and Mat and Equip,,,,,Onsite Learning,0,0,Lognormal,1299.7503,1877.4171,Lognormal,0.1,1,0,Truncated Normal
212.3,3,Reactor Building Walls,                  Reactor Building Walls,standard,,,,,,1103.4513000000002,$/m^3,Reactor Building Exterior Walls Volume,,m^3,,2024,Lab and Mat and Equip,,,,,Onsite Learning,0,0,Lognormal,993.1061700000001,1434.4866900000002,Lognormal,0.1,1,0,Truncated Normal
212.4,3,Reactor Building Liner,                  Reactor Building Liner,standard,,,,,,6491.926704363597,$/m^2,Reactor Building Superstructure Area,9373,m^2,1,2018,Lab and Mat and Equip,"Stewart W.R., Shirvan K., ""Capital cost estimation for advanced nuclear power plants,"" Renewable and Sustainable Energy Reviews, Nov. 2021, 111880","Stewart W.R., Shirvan K., ""Capital cost estimation for advanced nuclear power plants,"" Renewable and Sustainable Energy Reviews, Nov. 2021, 111880",https://doi.org/10.1016/j.rser.2021.111880,,Onsite Learning,0,0,Lognormal,5842.734033927238,8439.504715672676,Lognormal,0.1,1,0,Truncated Normal
212.5,3,Reactor Building HVAC,                  Reactor Building HVAC,standard,,,,,,1731.9189347380743,$/MWt,Power MWt,3417,MWt,0.8,2018,Lab and Mat and Equip,"Stewart W.R., Shirvan K., ""Capital cost estimation for advanced nuclear power plants,"" Renewable and Sustainable Energy Reviews, Nov. 2021, 111880","Stewart W.R., Shirvan K., ""Capital cost estimation for advanced nuclear power plants,"" Renewable and Sustainable Energy Reviews, Nov. 2021, 111880",https://doi.org/10.1016/j.rser.2021.111880,,Onsite Learning,0,0,Lognormal,1558.727041264267,2251.494615159497,Lognormal,0.1,1,0,Truncated Normal
213,2,Main Function Buildings,            Main Function Buildings,,,,,,,,,,,,,,,,,,,,,,,,,,,,,
213.1,3,Energy conversion Building,                  Energy conversion Building,,,,,,,,,,,,,,,,,,,,,,,,,,,,,
213.11,4,Energy Conversion Building Slab Roof,                        Energy Conversion Building Slab Roof,standard,,,,,,1200,$/m^3,Turbine Building Slab Roof Volume,,m^3,,2024,Lab and Mat and Equip,"RSMeans software: a tool that primarily provides costs for non-nuclear work
","GORDIAN. (2024). ""RSMeans data. 
&
Delene, J. G. and I. Hudson, C. R. (1993). Cost estimate guidelines for advanced nuclear power technologies. United States, Oak Ridge National Lab. (ORNL), Oak Ridge, TN (United States): Medium: ED; Size: 159 p.","https://www.rsmeans.com/
&
https://www.osti.gov/biblio/10176857",,Onsite Learning,0,0,Lognormal,1080,1560,Lognormal,0.1,1,0,Truncated Normal
213.12,4,Energy Conversion Building Basement,                        Energy Conversion Building Basement,standard,,,,,,943.9,$/m^3,Turbine Building Basement Volume,,m^3,,2024,Lab and Mat and Equip,,,,,Onsite Learning,0,0,Lognormal,849.51,1227.07,Lognormal,0.1,1,0,Truncated Normal
213.13,4,Energy Conversion Building Walls,                        Energy Conversion Building Walls,standard,,,,,,721.21,$/m^3,Turbine Building Exterior Walls Volume,,m^3,,2024,Lab and Mat and Equip,,,,,Onsite Learning,0,0,Lognormal,649.089,937.5730000000001,Lognormal,0.1,1,0,Truncated Normal
213.2,3,Control building,                  Control building,,,,,,,,,,,,,,,,,,,,,,,,,,,,,
213.21,4,Control Building Slab Roof,                        Control Building Slab Roof,standard,,,,,,1200,$/m^3,Control Building Slab Roof Volume,,m^3,,2024,Lab and Mat and Equip,"RSMeans software: a tool that primarily provides costs for non-nuclear work
","GORDIAN. (2024). ""RSMeans data. 
&
Delene, J. G. and I. Hudson, C. R. (1993). Cost estimate guidelines for advanced nuclear power technologies. United States, Oak Ridge National Lab. (ORNL), Oak Ridge, TN (United States): Medium: ED; Size: 159 p.","https://www.rsmeans.com/
&
https://www.osti.gov/biblio/10176857",,Onsite Learning,0,0,Lognormal,1080,1560,Lognormal,0.1,1,0,Truncated Normal
213.22,4,Control Building Basement,                        Control Building Basement,standard,,,,,,943.9,$/m^3,Control Building Basement Volume,,m^3,,2024,Lab and Mat and Equip,,,,,Onsite Learning,0,0,Lognormal,849.51,1227.07,Lognormal,0.1,1,0,Truncated Normal
213.23,4,Control Building Walls,                        Control Building Walls,standard,,,,,,721.21,$/m^3,Control Building Exterior Walls Volume,,m^3,,2024,Lab and Mat and Equip,,,,,Onsite Learning,0,0,Lognormal,649.089,937.5730000000001,Lognormal,0.1,1,0,Truncated Normal
213.3,3,Integrated Heat Exchanger Building,                  Integrated Heat Exchanger Building,,reactor type,GCMR,,,,,,,,,,,,,,,,,,,,,,,,,,
213.31,4,Integrated Heat Exchanger Building Slab Roof,                        Integrated Heat Exchanger Building Slab Roof,standard,reactor type,GCMR,,,,1200,$/m^3,Integrated Heat Exchanger Building Slab Roof Volume,,m^3,,2024,Lab and Mat and Equip,"RSMeans software: a tool that primarily provides costs for non-nuclear work
","GORDIAN. (2024). ""RSMeans data. 
&
Delene, J. G. and I. Hudson, C. R. (1993). Cost estimate guidelines for advanced nuclear power technologies. United States, Oak Ridge National Lab. (ORNL), Oak Ridge, TN (United States): Medium: ED; Size: 159 p.","https://www.rsmeans.com/
&
https://www.osti.gov/biblio/10176857",,Onsite Learning,0,0,Lognormal,1080,1560,Lognormal,0.1,1,0,Truncated Normal
213.32,4,Integrated Heat Exchanger Building Basement,                        Integrated Heat Exchanger Building Basement,standard,reactor type,GCMR,,,,943.9,$/m^3,Integrated Heat Exchanger Building Basement Volume,,m^3,,2024,Lab and Mat and Equip,,,,,Onsite Learning,0,0,Lognormal,849.51,1227.07,Lognormal,0.1,1,0,Truncated Normal
213.33,4,Integrated Heat Exchanger Building Walls,                        Integrated Heat Exchanger Building Walls,standard,reactor type,GCMR,,,,721.21,$/m^3,Integrated Heat Exchanger Building Exterior Walls Volume,,m^3,,2024,Lab and Mat and Equip,,,,,Onsite Learning,0,0,Lognormal,649.089,937.5730000000001,Lognormal,0.1,1,0,Truncated Normal
213.34,4,Integrated Heat Exchanger Building Liner,                        Integrated Heat Exchanger Building Liner,standard,reactor type,GCMR,,,,6491.926704363597,$/m^2,Integrated Heat Exchanger Building Superstructure Area,9373,m^2,1,2018,Lab and Mat and Equip,"Stewart W.R., Shirvan K., ""Capital cost estimation for advanced nuclear power plants,"" Renewable and Sustainable Energy Reviews, Nov. 2021, 111880","Stewart W.R., Shirvan K., ""Capital cost estimation for advanced nuclear power plants,"" Renewable and Sustainable Energy Reviews, Nov. 2021, 111880",https://doi.org/10.1016/j.rser.2021.111880,,Onsite Learning,0,0,Lognormal,5842.734033927238,8439.504715672676,Lognormal,0.1,1,0,Truncated Normal
214,2,Buildings to Support Main Function ,            Buildings to Support Main Function ,,,,,,,,,,,,,,,,,,,,,,,,,,,,,
214.1,3,Fuel Management Buildings,                  Fuel Management Buildings,,,,,,,,,,,,,,,,,,,,,,,,,,,,,
214.11,4,Refueling Building,                        Refueling Building,,,,,,,,,,,,,,,,,,,,,,,,,,,,,
214.111,5,Refueling Building Slab Roof,                              Refueling Building Slab Roof,standard,,,,,,1836,$/m^3,Refueling Building Slab Roof Volume,,m^3,,2024,Lab and Mat and Equip,"RSMeans software: a tool that primarily provides costs for non-nuclear work
Nuclear Multiplier have been applied to adjust the costs for nuclear-site-related work","GORDIAN. (2024). ""RSMeans data. 
&
Delene, J. G. and I. Hudson, C. R. (1993). Cost estimate guidelines for advanced nuclear power technologies. United States, Oak Ridge National Lab. (ORNL), Oak Ridge, TN (United States): Medium: ED; Size: 159 p.","https://www.rsmeans.com/
&
https://www.osti.gov/biblio/10176857",,Onsite Learning,0,0,,1652.4,2386.8,Lognormal,0.1,1,0,Truncated Normal
214.112,5,Refueling Building Basement,                              Refueling Building Basement,standard,,,,,,1444.167,$/m^3,Refueling Building Basement Volume,,m^3,,2024,Lab and Mat and Equip,,,,,Onsite Learning,0,0,Lognormal,1299.7503,1877.4171,Lognormal,0.1,1,0,Truncated Normal
214.113,5,Refueling Building Walls,                              Refueling Building Walls,standard,,,,,,1103.4513000000002,$/m^3,Refueling Building Exterior Walls Volume,,m^3,,2024,Lab and Mat and Equip,,,,,Onsite Learning,0,0,Lognormal,993.1061700000001,1434.4866900000002,Lognormal,0.1,1,0,Truncated Normal
214.12,4,Spent Fuel Building,                        Spent Fuel Building,,,,,,,,,,,,,,,,,,,,,,,,,,,,,
214.121,5,Spent Fuel Building Slab Roof,                              Spent Fuel Building Slab Roof,standard,,,,,,1836,$/m^3,Spent Fuel Building Slab Roof Volume,,m^3,,2024,Lab and Mat and Equip,"RSMeans software: a tool that primarily provides costs for non-nuclear work
Nuclear Multiplier have been applied to adjust the costs for nuclear-site-related work","GORDIAN. (2024). ""RSMeans data. 
&
Delene, J. G. and I. Hudson, C. R. (1993). Cost estimate guidelines for advanced nuclear power technologies. United States, Oak Ridge National Lab. (ORNL), Oak Ridge, TN (United States): Medium: ED; Size: 159 p.","https://www.rsmeans.com/
&
https://www.osti.gov/biblio/10176857",,Onsite Learning,0,0,Lognormal,1652.4,2386.8,Lognormal,0.1,1,0,Truncated Normal
214.122,5,Spent Fuel Building Basement,                              Spent Fuel Building Basement,standard,,,,,,1444.167,$/m^3,Spent Fuel Building Basement Volume,,m^3,,2024,Lab and Mat and Equip,,,,,Onsite Learning,0,0,Lognormal,1299.7503,1877.4171,Lognormal,0.1,1,0,Truncated Normal
214.123,5,Spent Fuel Building Walls,                              Spent Fuel Building Walls,standard,,,,,,1103.4513000000002,$/m^3,Spent Fuel Building Exterior Walls Volume,,m^3,,2024,Lab and Mat and Equip,,,,,Onsite Learning,0,0,Lognormal,993.1061700000001,1434.4866900000002,Lognormal,0.1,1,0,Truncated Normal
214.7,3,Emergency and Start-up Power Systems Building,                  Emergency and Start-up Power Systems Building,,,,,,,,,,,,,,,,,,,,,,,,,,,,,
214.71,4,Emergency Building,                        Emergency Building,,,,,,,,,,,,,,,,,,,,,,,,,,,,,
214.711,5,Emergency Building Slab Roof,                              Emergency Building Slab Roof,standard,,,,,,1200,$/m^3,Emergency Building Slab Roof Volume,,m^3,,2024,Lab and Mat and Equip,"RSMeans software: a tool that primarily provides costs for non-nuclear work
","GORDIAN. (2024). ""RSMeans data. 
&
Delene, J. G. and I. Hudson, C. R. (1993). Cost estimate guidelines for advanced nuclear power technologies. United States, Oak Ridge National Lab. (ORNL), Oak Ridge, TN (United States): Medium: ED; Size: 159 p.","https://www.rsmeans.com/
&
https://www.osti.gov/biblio/10176857",,Onsite Learning,0,0,Lognormal,1080,1560,Lognormal,0.1,1,0,Truncated Normal
214.712,5,Emergency Building Basement,                              Emergency Building Basement,standard,,,,,,943.9,$/m^3,Emergency Building Basement Volume,,m^3,,2024,Lab and Mat and Equip,,,,,Onsite Learning,0,0,Lognormal,849.51,1227.07,Lognormal,0.1,1,0,Truncated Normal
214.713,5,Emergency Building Walls,                              Emergency Building Walls,standard,,,,,,721.21,$/m^3,Emergency Building Exterior Walls Volume,,m^3,,2024,Lab and Mat and Equip,,,,,Onsite Learning,0,0,Lognormal,649.089,937.5730000000001,Lognormal,0.1,1,0,Truncated Normal
214.72,4,Diesel Generator,                        Diesel Generator,standard,,,,,,2717311.56626506,$/MWt,Power MWt,0.083,MWt,0.7,2024,Equipment,"MARVEL (for the cost of the diesel generator) 

The exponent is based on the work by Koruoush considering cost scaling from nuclear ad non nuclear power plants. When using the power as scaling variable, the exponent ranges between 0..6 and 0.8 so 0.7 is used here","Hanna, B. N., Gonzaga de Oliveira, R. G., Mohammad Al Dawood, K. A., Patterson, M. D., Abou Jaoude, A., & Garcia, S. (2024). Technoeconomic Evaluation of Microreactor Using Detailed Bottom-up Estimate (No. INL/RPT-24-80433-Rev000). Idaho National Laboratory (INL), Idaho Falls, ID (United States).

Stewart, W. R., & Shirvan, K. (2022). Capital cost estimation for advanced nuclear power plants. Renewable and Sustainable Energy Reviews, 155, 111880.","https://inldigitallibrary.inl.gov/sites/sti/sti/Sort_129862.pdf

https://www.sciencedirect.com/science/article/pii/S1364032121011473",,Factory Other,0,0,Lognormal,2445580.4096385543,3532505.0361445784,Lognormal,0.1,1,0,Truncated Normal
214.8,3,Auxilliary Building,                  Auxilliary Building,,,,,,,,,,,,,,,,,,,,,,,,,,,,,
214.81,4,Maniplator Building,                        Maniplator Building,,,,,,,,,,,,,,,,,,,,,,,,,,,,,
214.811,5,Manipulator Building Slab Roof,                              Manipulator Building Slab Roof,standard,,,,,,1200,$/m^3,Manipulator Building Slab Roof Volume,,m^3,,2024,Lab and Mat and Equip,"RSMeans software: a tool that primarily provides costs for non-nuclear work
","GORDIAN. (2024). ""RSMeans data. 
&
Delene, J. G. and I. Hudson, C. R. (1993). Cost estimate guidelines for advanced nuclear power technologies. United States, Oak Ridge National Lab. (ORNL), Oak Ridge, TN (United States): Medium: ED; Size: 159 p.","https://www.rsmeans.com/
&
https://www.osti.gov/biblio/10176857",Added a custom building for GCMR based on CAD drawing,Onsite Learning,0,0,Lognormal,1080,1560,Lognormal,0.1,1,0,Truncated Normal
214.812,5,ManipulatorBuilding Basement,                              ManipulatorBuilding Basement,standard,,,,,,943.9,$/m^3,Manipulator Building Basement Volume,,m^3,,2024,Lab and Mat and Equip,,,,,Onsite Learning,0,0,Lognormal,849.51,1227.07,Lognormal,0.1,1,0,Truncated Normal
214.813,5,Manipulator Building Exterior Walls,                              Manipulator Building Exterior Walls,standard,,,,,,721.21,$/m^3,Manipulator Building Exterior Walls Volume,,m^3,,2024,Lab and Mat and Equip,,,,,Onsite Learning,0,0,Lognormal,649.089,937.5730000000001,Lognormal,0.1,1,0,Truncated Normal
215,2,Supply Chain Buildings,            Supply Chain Buildings,,,,,,,,,,,,,,,,,,,,,,,,,,,,,
215.1,3,Storage Building,                  Storage Building,,,,,,,,,,,,,,,,,,,,,,,,,,,,,
215.11,4,Storage Building Slab Roof,                        Storage Building Slab Roof,standard,,,,,,1200,$/m^3,Storage Building Slab Roof Volume,,m^3,,2024,Lab and Mat and Equip,"RSMeans software: a tool that primarily provides costs for non-nuclear work
","GORDIAN. (2024). ""RSMeans data. 
&
Delene, J. G. and I. Hudson, C. R. (1993). Cost estimate guidelines for advanced nuclear power technologies. United States, Oak Ridge National Lab. (ORNL), Oak Ridge, TN (United States): Medium: ED; Size: 159 p.","https://www.rsmeans.com/
&
https://www.osti.gov/biblio/10176857",,Onsite Learning,0,0,Lognormal,1080,1560,Lognormal,0.1,1,0,Truncated Normal
215.12,4,Storage Building Basement,                        Storage Building Basement,standard,,,,,,943.9,$/m^3,Storage Building Basement Volume,,m^3,,2024,Lab and Mat and Equip,,,,,Onsite Learning,0,0,Lognormal,849.51,1227.07,Lognormal,0.1,1,0,Truncated Normal
215.13,4,Storage Building Walls,                        Storage Building Walls,standard,,,,,,721.21,$/m^3,Storage Building Exterior Walls Volume,,m^3,,2024,Lab and Mat and Equip,,,,,Onsite Learning,0,0,Lognormal,649.089,937.5730000000001,Lognormal,0.1,1,0,Truncated Normal
215.4,3,Radwaste Building,                  Radwaste Building,,,,,,,,,,,,,,,,,,,,,,,,,,,,,
215.41,4,Radwaste Building Slab Roof,                        Radwaste Building Slab Roof,standard,,,,,,1836,$/m^3,Radwaste Building Slab Roof Volume,,m^3,,2024,Lab and Mat and Equip,"RSMeans software: a tool that primarily provides costs for non-nuclear work
Nuclear Multiplier have been applied to adjust the costs for nuclear-site-related work","GORDIAN. (2024). ""RSMeans data. 
&
Delene, J. G. and I. Hudson, C. R. (1993). Cost estimate guidelines for advanced nuclear power technologies. United States, Oak Ridge National Lab. (ORNL), Oak Ridge, TN (United States): Medium: ED; Size: 159 p.","https://www.rsmeans.com/
&
https://www.osti.gov/biblio/10176857",,Onsite Learning,0,0,Lognormal,1652.4,2386.8,Lognormal,0.1,1,0,Truncated Normal
215.42,4,Radwaste Building Basement,                        Radwaste Building Basement,standard,,,,,,1444.167,$/m^3,Radwaste Building Basement Volume,,m^3,,2024,Lab and Mat and Equip,,,,,Onsite Learning,0,0,Lognormal,1299.7503,1877.4171,Lognormal,0.1,1,0,Truncated Normal
215.43,4,Radwaste Building Walls,                        Radwaste Building Walls,standard,,,,,,1103.4513000000002,$/m^3,Radwaste Building Exterior Walls Volume,,m^3,,2024,Lab and Mat and Equip,,,,,Onsite Learning,0,0,Lognormal,993.1061700000001,1434.4866900000002,Lognormal,0.1,1,0,Truncated Normal
22,1,Reactor System,      Reactor System,,,,,,,,,,,,,,,,,,,,,,,,,,,,,
221,2,Reactor Components,            Reactor Components,,,,,,,,,,,,,,,,,,,,,,,,,,,,,
221.1,3,Reactor Vessel and Accessories,                  Reactor Vessel and Accessories,,,,,,,,,,,,,,,,,,,,,,,,,,,,,
221.11,4,Reactor Support,                        Reactor Support,standard,,,,,,311.5579893747446,$/Kg,Total Vessels Mass,2447,Kg,0.85,2018,Lab and Mat and Equip,PWR12-ME,,,Unit cost is the cost of support structure divided by the cost of guard vessel plus PCS,Factory Primary Structure,0,0,Lognormal,280.4021904372701,405.02538618716795,Lognormal,0.1,1,0,Truncated Normal
221.12,4,Outer Vessel Structure,                        Outer Vessel Structure,standard,Guard Vessel Material,stainless_steel,,,,757.2076874606175,$/Kg,Guard Vessel Mass,1587,Kg,,2017,Lab and Mat and Equip,"Ganda et al., 2018","Ganda, F., Hoffman, E., Taiwo, T. A., Kim, T. K., & Hansen, J. (2019). Report on the ACCERT cost algorithms tool (No. ANL/NSE-19/10). Argonne National Lab.(ANL), Argonne, IL (United States).",,,Factory Primary Structure,0,0,Lognormal,681.4869187145558,984.3699936988028,Lognormal,0.1,1,0,Truncated Normal
221.12,4,Outer Vessel Structure,                        Outer Vessel Structure,standard,Guard Vessel Material,low_alloy_steel,,,,154.08,$/Kg,Guard Vessel Mass,,,,2017,Lab and Mat and Equip,"Ganda et al., 2018",,,,Factory Primary Structure,0,0,Lognormal,138.67200000000003,200.30400000000003,Lognormal,0.1,1,0,Truncated Normal
221.12,4,Outer Vessel Structure,                        Outer Vessel Structure,standard,Guard Vessel Material,incoloy,,,,444.08,$/Kg,Guard Vessel Mass,,,,2017,Lab and Mat and Equip,"Ganda et al., 2018",,,,Factory Primary Structure,0,0,Lognormal,399.67199999999997,577.304,Lognormal,0.1,1,0,Truncated Normal
221.13,4,Inner Vessel Structure,                        Inner Vessel Structure,standard,Vessel Material,stainless_steel,,,3369444.6,1768.3558139534885,$/Kg,Vessel Mass,860,,,2017,Lab and Mat and Equip,"Ganda et al., 2018",,,Unit cost if the PCS cost (in MARVEL) divided by the PCS mass in MARVEL,Factory Primary Structure,3032500.14,5054166.9,Lognormal,1591.5202325581397,2298.862558139535,Lognormal,0.1,1,0,Truncated Normal
221.13,4,Inner Vessel Structure,                        Inner Vessel Structure,standard,Vessel Material,low_alloy_steel,,,,154.08,$/Kg,Vessel Mass,,,,2017,Lab and Mat and Equip,"Ganda et al., 2018",,,,Factory Primary Structure,0,0,Lognormal,138.67200000000003,200.30400000000003,Lognormal,0.1,1,0,Truncated Normal
221.13,4,Inner Vessel Structure,                        Inner Vessel Structure,standard,Vessel Material,incoloy,,,,444.08,$/Kg,Vessel Mass,,,,2017,Lab and Mat and Equip,"Ganda et al., 2018",,,,Factory Primary Structure,0,0,Lognormal,399.67199999999997,577.304,Lognormal,0.1,1,0,Truncated Normal
221.2,3,Reactor Control Devices,                  Reactor Control Devices,,,,,,,,,,,,,,,,,,,,,,,,,,,,,
221.21,4,Reactivity Control System ,                        Reactivity Control System ,,,,,,,,,,,,,,,,,,,,,,,,,,,,,
221.211,5,Reactivity Control System Fabrication,                              Reactivity Control System Fabrication,standard,,,,,,347890,$/Drum,Drum Count,,,,2024,Lab and Mat and Equip,MARVEL Project ,Updated MARVEL Cost Estimate + Communication with MARVEL Team,"Gerstner, D., & Arafat, Y. (2023). MARVEL 90% Final Design Report (No. INL/RPT-23-74280-Rev000). Idaho National Laboratory (INL), Idaho Falls, ID (United States).

Hanna, B. N., Gonzaga de Oliveira, R. G., Mohammad Al Dawood, K. A., Patterson, M. D., Abou Jaoude, A., & Garcia, S. (2024). Technoeconomic Evaluation of Microreactor Using Detailed Bottom-up Estimate (No. INL/RPT-24-80433-Rev000). Idaho National Laboratory (INL), Idaho Falls, ID (United States).",The scaling variable here is the total mass of all the control drums,Factory Drums,0,0,Lognormal,313101,452257,Lognormal,0.1,1,0,Truncated Normal
221.212,5,Installation,                              Installation,standard,,,,,,80665.75,$/Drum,Drum Count,,,,2024,Lab and Equip,MARVEL Project ,,,,Factory Drums,0,0,Lognormal,72599.175,104865.475,Lognormal,0.1,1,0,Truncated Normal
221.213,5,Control Drums Materials (Absorber),                              Control Drums Materials (Absorber),standard,Control Drum Absorber,B4C_natural,,,,14285.714285714286,$/Kg,Control Drum Absorber Mass,28,Kg,1,2024,Material,MARVEL Project ,,,,Factory Other,0,0,Lognormal,12857.142857142859,18571.428571428572,Lognormal,0.1,1,0,Truncated Normal
221.213,5,Control Drums Materials (Absorber),                              Control Drums Materials (Absorber),standard,Control Drum Absorber,B4C_enriched,,,,10064,$/Kg,Control Drum Absorber Mass,,,,2023,Material,"Prosser et al., 2023",,,,Factory Other,0,0,Lognormal,9057.6,13083.2,Lognormal,0.1,1,0,Truncated Normal
221.214,5,Control Drums Materials (Reflector),                              Control Drums Materials (Reflector),standard,Control Drum Reflector,BeO,,,,10062.893081761007,$/Kg,Control Drum Reflector Mass,318,Kg,1,2024,Material,MARVEL Project ,,,,Factory BeO,0,0,Lognormal,9056.603773584906,13081.761006289309,Lognormal,0.1,1,0,Truncated Normal
221.214,5,Control Drums Materials (Reflector),                              Control Drums Materials (Reflector),standard,Control Drum Reflector,Be,,,,44736.84210526316,$/Kg,Control Drum Reflector Mass,19,Kg,1,2024,Material,MARVEL Project ,,,,Factory Be,0,0,Lognormal,40263.15789473685,58157.89473684211,Lognormal,0.1,1,0,Truncated Normal
221.214,5,Control Drums Materials (Reflector),                              Control Drums Materials (Reflector),standard,Control Drum Reflector,Graphite,,,,80,$/Kg,Control Drum Reflector Mass,,,,2022,Material,"Naranjo de Candido and Shirvan, 2022","Naranjo De Candido and Shirvan. (2022). Graphite Life-Cycle Cost Model for HTGRs, International High-Level Radioactive Waste Management Conference",,,Factory Other,0,0,Lognormal,72,104,Lognormal,0.1,1,0,Truncated Normal
221.215,5,Control System Drive Mechanism,                              Control System Drive Mechanism,standard,,,,,,74759,$/Drum,Drum Count,,,,2023,Lab and Mat and Equip,"Prosser et al., 2023","First-Principles Cost Estimation of a Sodium Fast  Reactor Nuclear Plant. INL/RPT-23-74316
Table 38, 39",,Bottom-up Estimation of components with nuclear escalation + contingency,Factory Drums,0,0,Lognormal,67283.1,97186.7,Lognormal,0.1,1,0,Truncated Normal
221.216,5,Shutdown Rod Absorber Material,                              Shutdown Rod Absorber Material,standard,Shutdown Rod Absorber,B4C_natural,,,,14285.714285714286,$/Kg,Shutdown Rod Absorber Mass,28,Kg,1,2024,Material,MARVEL Project ,,,Existing MARVEL natural-B4C cost retained unchanged for shutdown-rod material costing.,Factory Other,0,0,Lognormal,12857.142857142859,18571.428571428572,,,,,
221.216,5,Shutdown Rod Absorber Material,                              Shutdown Rod Absorber Material,standard,Shutdown Rod Absorber,B4C_enriched,,,,10064,$/Kg,Shutdown Rod Absorber Mass,,Kg,1,2023,Material,"Prosser et al., 2023",First-Principles Cost Estimation of a Sodium Fast Reactor Nuclear Plant. INL/RPT-23-74316,,Existing enriched-B4C cost retained unchanged for shutdown-rod material costing.,Factory Other,0,0,Lognormal,9057.6,13083.2,,,,,
221.217,5,Shutdown Rod Cladding Material,                              Shutdown Rod Cladding Material,standard,Shutdown Rod Cladding,SS304,,,,757.2076874606175,$/Kg,Shutdown Rod Cladding Mass,1587,Kg,1,2017,Lab and Mat and Equip,"Ganda et al., 2018","Ganda, F., Hoffman, E., Taiwo, T. A., Kim, T. K., & Hansen, J. (2019). Report on the ACCERT cost algorithms tool (No. ANL/NSE-19/10).",,Ganda stainless_steel cost used as a proxy for SS304 shutdown-rod cladding.,Factory Other,0,0,Lognormal,681.4869187145558,984.3699936988028,,,,,
221.3,3,Non-Fuel Core Internals,                  Non-Fuel Core Internals,standard,,,,,,,,,,,,,,,,,,,,,,,,,,,,
221.31,4,Reflector,                        Reflector,,,,,,,,,,,,,,,,,,,,,,,,,,,,,
221.311,5,Radial Reflector,                              Radial Reflector,standard,Radial Reflector,BeO,,,120231,10062.893081761007,$/Kg,Radial Reflector Mass,318,Kg,1,2024,Material,MARVEL Project ,Updated MARVEL Cost Estimate + Communication with MARVEL Team,"Gerstner, D., & Arafat, Y. (2023). MARVEL 90% Final Design Report (No. INL/RPT-23-74280-Rev000). Idaho National Laboratory (INL), Idaho Falls, ID (United States).

Hanna, B. N., Gonzaga de Oliveira, R. G., Mohammad Al Dawood, K. A., Patterson, M. D., Abou Jaoude, A., & Garcia, S. (2024). Technoeconomic Evaluation of Microreactor Using Detailed Bottom-up Estimate (No. INL/RPT-24-80433-Rev000). Idaho National Laboratory (INL), Idaho Falls, ID (United States).",,Factory BeO,108207.90000000001,180346.5,Lognormal,9056.603773584906,13081.761006289309,Lognormal,0.1,1,0,Truncated Normal
221.312,5,Axial Reflector,                              Axial Reflector,standard,Axial Reflector,BeO,,,120231,10062.89308176101,$/Kg,Axial Reflector Mass,318,Kg,1,2024,Material,MARVEL Project ,Updated MARVEL Cost Estimate + Communication with MARVEL Team,,,Factory BeO,108207.90000000001,180346.5,Lognormal,9056.60377358491,13081.761006289315,Lognormal,0.1,1,0,Truncated Normal
221.311,5,Radial Reflector,                              Radial Reflector,standard,Radial Reflector,Be,,,,44736.84210526316,$/Kg,Radial Reflector Mass,19,Kg,1,2024,Material,MARVEL Project ,Updated MARVEL Cost Estimate + Communication with MARVEL Team,,,Factory Be,0,0,Lognormal,40263.15789473685,58157.89473684211,Lognormal,0.1,1,0,Truncated Normal
221.312,5,Axial Reflector,                              Axial Reflector,standard,Axial Reflector,Be,,,,44736.84210526316,$/Kg,Axial Reflector Mass,19,Kg,1,2024,Material,MARVEL Project ,Updated MARVEL Cost Estimate + Communication with MARVEL Team,,,Factory Be,0,0,Lognormal,40263.15789473685,58157.89473684211,Lognormal,0.1,1,0,Truncated Normal
221.311,5,Radial Reflector,                              Radial Reflector,standard,Radial Reflector,Graphite,,,,80,$/Kg,Radial Reflector Mass,,,,2022,Material,"Naranjo de Candido and Shirvan, 2022","Naranjo De Candido and Shirvan. (2022). Graphite Life-Cycle Cost Model for HTGRs, International High-Level Radioactive Waste Management Conference",,,Factory Other,0,0,Lognormal,72,104,Lognormal,0.1,1,0,Truncated Normal
221.312,5,Axial Reflector,                              Axial Reflector,standard,Axial Reflector,Graphite,,,,80,$/Kg,Axial Reflector Mass,,,,2022,Material,"Naranjo de Candido and Shirvan, 2022","Naranjo De Candido and Shirvan. (2022). Graphite Life-Cycle Cost Model for HTGRs, International High-Level Radioactive Waste Management Conference",,,Factory Other,0,0,Lognormal,72,104,Lognormal,0.1,1,0,Truncated Normal
221.311,5,Radial Reflector,                              Radial Reflector,standard,Radial Reflector,Al2O3,,,,134.1,$/Kg,Radial Reflector Mass,,,,2017,Material,NTRD-FCO-2018-000439,,,,Factory Other,0,0,Lognormal,120.69,174.33,Lognormal,0.1,1,0,Truncated Normal
221.312,5,Axial Reflector,                              Axial Reflector,standard,Axial Reflector,Al2O3,,,,134.1,$/Kg,Axial Reflector Mass,,,,2017,Material,NTRD-FCO-2018-000439,,,,Factory Other,0,0,Lognormal,120.69,174.33,Lognormal,0.1,1,0,Truncated Normal
221.32,4,Shield,                        Shield,,,,,,,,,,,,,,,,,,,,,,,,,,,,,
221.321,5,In Vessel Shield Materials,                              In Vessel Shield Materials,standard,In Vessel Shield Material,B4C_natural,,,647990.6,14285.714285714286,$/Kg,In Vessel Shield Mass,28,Kg,1,2024,Material,MARVEL Project ,,,,Factory Other,583191.54,971985.8999999999,Lognormal,12857.142857142859,18571.428571428572,Lognormal,0.1,1,0,Truncated Normal
221.322,5,Out The Vessel Shield Materials,                              Out The Vessel Shield Materials,standard,Out Of Vessel Shield Material,WEP,,,,20,$/Kg,Out Of Vessel Shield Mass,925.3,Kg,1,2024,Material,MARVEL Project ,,,,Factory Other,0,0,Lognormal,18,26,Lognormal,0.1,1,0,Truncated Normal
221.33,4,Moderator,                        Moderator,standard,Moderator,Graphite,,,,80,$/Kg,Moderator Mass,,Kg,,2022,Material,"Naranjo de Candido and Shirvan, 2022","Naranjo De Candido and Shirvan. (2022). Graphite Life-Cycle Cost Model for HTGRs, International High-Level Radioactive Waste Management Conference",,,Factory Other,,,Lognormal,72,104,Lognormal,0.1,1,0,Truncated Normal
221.33,4,Moderator,                        Moderator,standard,Moderator,monolith_graphite,,,,160,$/Kg,Moderator Mass,,Kg,,2022,Material,Monolith graphite is expected to be more expensive so I multiplied the graphite cost by two,,,,Factory Other,,,Lognormal,144,208,Lognormal,0.1,1,0,Truncated Normal
221.33,4,Moderator,                        Moderator,standard,Moderator,ZrH,,,,1520,$/Kg,Moderator Mass,,Kg,,2017,Material,the Fuel SA&I Cost Basis Report,"Abou-Jaoude, A., C. S. Lohse, L. M. Larsen, N. Guaita, I. Trivedi, F. C. Joseck, E. Hoffman, N. Stauff, K. Shirvan and A. Stein (2024). Meta-Analysis of Advanced Nuclear Reactor Cost Estimations, Idaho National Laboratory (INL), Idaho Falls, ID (United States).",,,Factory Other,,,Lognormal,1368,1976,Lognormal,0.1,1,0,Truncated Normal
221.33,4,Moderator,                        Moderator,standard,Moderator,YHx,,,,1520,$/Kg,Moderator Mass,,Kg,,2017,Material,,We do not know the cost of Yhx. This is just a placeholder for now (assumed to be the same as ZrH),,,Factory Other,,,Lognormal,1368,1976,Lognormal,0.1,1,0,Truncated Normal
221.34,4,Moderator (Booster),                        Moderator (Booster),standard,Moderator Booster Materials,Graphite,,,,80,$/Kg,Moderator Booster Mass Graphite,,Kg,,2022,Material,"Naranjo de Candido and Shirvan, 2022","Naranjo De Candido and Shirvan. (2022). Graphite Life-Cycle Cost Model for HTGRs, International High-Level Radioactive Waste Management Conference",,,Factory Other,,,Lognormal,72,104,Lognormal,0.1,1,0,Truncated Normal
221.34,4,Moderator (Booster),                        Moderator (Booster),standard,Moderator Booster Materials,YHx,,,,1520,$/Kg,Moderator Booster Mass YHx,,Kg,,2017,Material,,We do not know the cost of Yhx. This is just a placeholder for now (assumed to be the same as ZrH),,,Factory Other,,,Lognormal,1368,1976,Lognormal,0.1,1,0,Truncated Normal
221.34,4,Moderator (Booster),                        Moderator (Booster),standard,Moderator Booster Materials,ZrH,,,,1520,$/Kg,Moderator Booster Mass ZrH,,Kg,,2017,Material,the Fuel SA&I Cost Basis Report,"Abou-Jaoude, A., C. S. Lohse, L. M. Larsen, N. Guaita, I. Trivedi, F. C. Joseck, E. Hoffman, N. Stauff, K. Shirvan and A. Stein (2024). Meta-Analysis of Advanced Nuclear Reactor Cost Estimations, Idaho National Laboratory (INL), Idaho Falls, ID (United States).",,,Factory Other,,,Lognormal,1368,1976,Lognormal,0.1,1,0,Truncated Normal
222,2,Main Heat Transport System,            Main Heat Transport System,,,,,,,,,,,,,,,,,,,,,,,,,,,,,
222.1,3,Fluid Circulation Drive System,                  Fluid Circulation Drive System,,,,,,,,,,,,,,,,,,,,,,,,,,,,,
222.11,4,Primary Pump,                        Primary Pump,nonstandard,Primary Pump,Yes,,,,8818.5,$/(kg.sec),Primary Pump Mechanical Power,,,0.71,2003,Lab and Mat and Equip,"Data from non-nuclear power plant + Ratio of safety grade pump nomalized cost compared to non-safety grade pump is btween 10 and 15 (12.5 ratio was used, from the EEDB (Ganda 2019, Figure 23)","Roosen, P., Uhlenbruck, S., & Lucas, K. (2003). Pareto optimization of a combined cycle power system as a decision support tool for trading off investment vs. operating costs. International Journal of Thermal Sciences, 42(6), 553-560.


Ganda, F., Hoffman, E., Taiwo, T. A., Kim, T. K., & Hansen, J. (2019). Report on the ACCERT cost algorithms tool (No. ANL/NSE-19/10). Argonne National Lab.(ANL), Argonne, IL (United States).","https://www.sciencedirect.com/science/article/pii/S1290072903000218
https://publications.anl.gov/anlpubs/2019/06/152862.pdf",,Factory Other,0,0,Lognormal,7936.650000000001,11464.050000000001,Lognormal,0.1,1,0,Truncated Normal
222.12,4,Secondary Pump,                        Secondary Pump,nonstandard,Secondary Pump,Yes,,,,705.48,$/(kg.sec),Secondary Pump Mechanical Power,,,0.71,2003,Lab and Mat and Equip,Data from non-nuclear power plant,,,,Factory Other,0,0,Lognormal,634.932,917.124,Lognormal,0.1,1,0,Truncated Normal
222.13,4,Compressor,                        Compressor,nonstandard,reactor type,GCMR,,,,7100000,unitless,,,,,2020,Lab and Mat and Equip,ANL/NSE-20/28,"Hoffman et al. (2020). Improvement of ACCERT Algorithm - FY20 (No. ANL/NSE-20/28). Argonne National Laboratory.(ANL), Argonne, IL (United States).",,"Implemented on the python side. 
Chosen over default due to uncertainty in compressor Pressure Ratio changes based on reactor TH",Factory Other,0,0,Lognormal,6390000,9230000,Lognormal,0.1,1,0,Truncated Normal
222.2,3,Reactor Heat Transfer Piping System,                  Reactor Heat Transfer Piping System,standard,reactor type,GCMR,,,,20000,$/MWe,Power MWe,,,,2017,Equipment,From EEBD,"Ganda, F., Hoffman, E., Taiwo, T. A., Kim, T. K., & Hansen, J. (2019). Report on the ACCERT cost algorithms tool (No. ANL/NSE-19/10). Argonne National Lab.(ANL), Argonne, IL (United States).",,,Factory Other,0,0,Lognormal,18000,26000,Lognormal,0.1,1,0,Truncated Normal
222.2,3,Reactor Heat Transfer Piping System,                  Reactor Heat Transfer Piping System,standard,reactor type,LTMR,,,,20000,$/MWe,Power MWe,,,,2017,Equipment,From EEBD,"Ganda, F., Hoffman, E., Taiwo, T. A., Kim, T. K., & Hansen, J. (2019). Report on the ACCERT cost algorithms tool (No. ANL/NSE-19/10). Argonne National Lab.(ANL), Argonne, IL (United States).",,,Factory Other,0,0,Lognormal,18000,26000,Lognormal,0.1,1,0,Truncated Normal
222.2,3,Reactor Heat Transfer Piping System,                  Reactor Heat Transfer Piping System,standard,reactor type,HPMR,,,,10000,$/heatpipe,Number of Heatpipes,1,,0.7,2017,Equipment,https://inldigitallibrary.inl.gov/sites/sti/sti/Sort_46104.pdf,,,,Factory Other,0,0,Lognormal,9000,13000,Lognormal,0.1,1,0,Truncated Normal
222.3,3,Heat Exchangers,                  Heat Exchangers,,,,,,,,,,,,,,,,,,,,,,,,,,,,,
222.31,4,Primary Heat Exchanger,                        Primary Heat Exchanger,standard,HX Material,SS316,,,,50,$/Kg,Primary HX Mass,,Kg,,2004,Equipment,Non Nuclear Plants,"Gezelius, K. (2004). Design of compact intermediate heat exchangers for gas cooled fast reactors, Massachusetts Institute of Technology.",,,Factory Other,0,0,Lognormal,45,65,Lognormal,0.1,1,0,Truncated Normal
222.31,4,Primary Heat Exchanger,                        Primary Heat Exchanger,standard,HX Material,800H,,,,120,$/Kg,Primary HX Mass,,Kg,,2013,Equipment,Non Nuclear Plants,"Yoon, S.-J., P. Sabharwall and E.-S. Kim (2013). Analytical study on thermal and mechanical design of printed circuit heat exchanger, Idaho National Lab.(INL), Idaho Falls, ID (United States).",,,Factory Other,0,0,Lognormal,108,156,Lognormal,0.1,1,0,Truncated Normal
222.32,4,Secondary Heat Exchanger,                        Secondary Heat Exchanger,standard,HX Material,SS316,,,,50,$/Kg,Secondary HX Mass,,Kg,,2004,Equipment,Non Nuclear Plants,"Gezelius, K. (2004). Design of compact intermediate heat exchangers for gas cooled fast reactors, Massachusetts Institute of Technology.",,,Factory Other,0,0,Lognormal,45,65,Lognormal,0.1,1,0,Truncated Normal
222.32,4,Secondary Heat Exchanger,                        Secondary Heat Exchanger,standard,HX Material,800H,,,,120,$/Kg,Secondary HX Mass,,Kg,,2013,Equipment,Non Nuclear Plants,"Yoon, S.-J., P. Sabharwall and E.-S. Kim (2013). Analytical study on thermal and mechanical design of printed circuit heat exchanger, Idaho National Lab.(INL), Idaho Falls, ID (United States).",,,Factory Other,0,0,Lognormal,108,156,Lognormal,0.1,1,0,Truncated Normal
222.5,3,Initial Coolant Inventory,                  Initial Coolant Inventory,standard,Coolant,Helium,,,,170,$/Kg,Onsite Coolant Inventory,,Kg,,2024,Material,Fernandez de Losada. (2024). Assessment of the Lifecycle Cost of Nuclear-Grade Coolants for Advanced Reactors. ETHzurich. Swiss.,Fernandez de Losada. (2024). Assessment of the Lifecycle Cost of Nuclear-Grade Coolants for Advanced Reactors. ETHzurich. Swiss.,https://doi.org/10.3929/ethz-b-000709311,Vendor Quoate (Linde) for 3000 cylinders of 99.999% purity Helium. 3000 cylinders correspond to ~4 MT of He.,No Learning,0,0,Lognormal,153,221,Lognormal,0.1,1,0,Truncated Normal
222.5,3,Initial Coolant Inventory,                  Initial Coolant Inventory,standard,Coolant,NaK,,,,118,$/Kg,Onsite Coolant Inventory,,Kg,,2023,Material,,,,,No Learning,,,,106.2,153.4,Lognormal,0.1,1,0,Truncated Normal
222.6,3,Integrated Heat Transfer Vessel,                  Integrated Heat Transfer Vessel,,reactor type,GCMR,,,,,,,,,,,,,,,,,,,,,,,,,,
222.61,4,Integrated Heat Transfer Vessel,                        Integrated Heat Transfer Vessel,standard,reactor type,GCMR,,,,50,$/Kg,Integrated Heat Transfer Vessel Mass,,Kg,,2004,Lab and Mat and Equip,Non Nuclear Plants,"Gezelius, K. (2004). Design of compact intermediate heat exchangers for gas cooled fast reactors, Massachusetts Institute of Technology.",,"Custom Accounts to model the vessel that houses the PCHE, Circulator, and Pipe Connections. These are assumed to be SA508 for now but use the same unit-cost as SS PCHE",Factory Other,0,0,Lognormal,45,65,Lognormal,0.1,1,0,Truncated Normal
222.62,4,Integrated Heat Transfer System Support,                        Integrated Heat Transfer System Support,standard,reactor type,GCMR,,,,8.193826873385014,$/Kg,Integrated Heat Transfer Vessel Mass,387000,Kg,0.85,2018,Lab and Mat and Equip,PWR12-ME,"Gezelius, K. (2004). Design of compact intermediate heat exchangers for gas cooled fast reactors, Massachusetts Institute of Technology.",,,Factory Other,0,0,Lognormal,7.374444186046513,10.651974935400519,Lognormal,0.1,1,0,Truncated Normal
223,2,Safety Systems,            Safety Systems,,,,,,,,,,,,,,,,,,,,,,,,,,,,,
223.2,3,Reactor Cavity Cooling System (Rvacs),                  Reactor Cavity Cooling System (Rvacs),,,,,,,,,,,,,,,,,,,,,,,,,,,,,
223.21,4,Rvacs (Cooling Vessel),                        Rvacs (Cooling Vessel),standard,,,,,,757.2076874606175,$/Kg,Cooling Vessel Mass,,,,2017,Lab and Mat and Equip,"Ganda et al., 2018","Ganda, F., Hoffman, E., Taiwo, T. A., Kim, T. K., & Hansen, J. (2019). Report on the ACCERT cost algorithms tool (No. ANL/NSE-19/10). Argonne National Lab.(ANL), Argonne, IL (United States).",,,Factory Other,0,0,Lognormal,681.4869187145558,984.3699936988028,Lognormal,0.1,1,0,Truncated Normal
223.22,4,Rvacs (Intake Vessel),                        Rvacs (Intake Vessel),standard,,,,,,757.2076874606175,$/Kg,Intake Vessel Mass,,,,2017,Lab and Mat and Equip,"Ganda et al., 2018","Ganda, F., Hoffman, E., Taiwo, T. A., Kim, T. K., & Hansen, J. (2019). Report on the ACCERT cost algorithms tool (No. ANL/NSE-19/10). Argonne National Lab.(ANL), Argonne, IL (United States).",,,Factory Other,0,0,Lognormal,681.4869187145558,984.3699936988028,Lognormal,0.1,1,0,Truncated Normal
226,2,Other Reactor Plant Equipment,            Other Reactor Plant Equipment,standard,reactor type,LTMR,,,456297,,,,,,,2024,Equipment,MARVEL,,,,Factory Other,410667.3,684445.5,Lognormal,0,0,Lognormal,0.1,1,0,Truncated Normal
226,2,Other Reactor Plant Equipment,            Other Reactor Plant Equipment,standard,reactor type,GCMR,,,,118207.77405377067,unitless,Primary Loop Mass Flow Rate,610.21,kg/s,0.6,2023,Lab and Mat and Equip,DOE-ET-34222-T1,"1170 MWt HTGR Steamer Cogeneration Plant Design and Cost Study, United Engineers & Constructors Inc. Philadelphia, Pennsylvania. 1980]",https://www.osti.gov/servlets/purl/5084245,"Cost scalated based on Park et al., 2024 - Bottom-up ….",Factory Other,0,0,Lognormal,106386.9966483936,153670.10626990188,Lognormal,0.1,1,0,Truncated Normal
227,2,Reactor Instrumentation and Control (I&C),            Reactor Instrumentation and Control (I&C),standard,,,,,8500000,,,,,,,2023,Lab and Equip,"Shirvan et al., 2023","Shirvan et al,. (2023). UO2-fueled microreactors: Near-term solutions to emerging marktets. Nuclear Engineering and Design. ",https://doi.org/10.1016/j.nucengdes.2023.112470,Cost based on FOAK Digital I&C with 2-out-of-4 voting logic,Factory Other,7650000,12750000,Lognormal,0,0,Lognormal,0.1,1,0,Truncated Normal
228,2,Reactor Plant Miscellaneous Items,            Reactor Plant Miscellaneous Items,standard,,,,,30960,,,,,,,2024,Lab and Mat and Equip,MARVEL,,,,Factory Other,27864,46440,Lognormal,0,0,Lognormal,0.1,1,0,Truncated Normal
23,1,Energy Conversion System ,      Energy Conversion System ,,,,,,,,,,,,,,,,,,,,,,,,,,,,,
232,2,Energy Applications,            Energy Applications,,,,,,,,,,,,,,,,,,,,,,,,,,,,,
232.1,3,Electricity Generation Systems,                  Electricity Generation Systems,standard,,,,,,12504,$/kWe,BoP Power kWe,1,,0.777,2023,Lab and Mat and Equip,INL/RPT-24-80433 Rev.1,INL/RPT-24-80433 Rev.1,https://www.osti.gov/biblio/2447366,,Non-nuclear off-the-shelf,0,0,Lognormal,11253.6,16255.2,Lognormal,0.1,1,0,Truncated Normal
236,2,Common Instrumentation & Controls,            Common Instrumentation & Controls,standard,,,,,1000000,,,,,,,2023,Lab and Mat and Equip,"Shirvan et al., 2023","Shirvan et al,. (2023). UO2-fueled microreactors: Near-term solutions to emerging marktets. Nuclear Engineering and Design. ",https://doi.org/10.1016/j.nucengdes.2023.112470,,Factory Other,900000,1500000,Lognormal,,,,,,,
24,1,Electrical Equipment,      Electrical Equipment,,,,,,,,,,,,,,,,,,,,,,,,,,,,,
241,2,Switchgear,            Switchgear,standard,,,,,,12609.009795601574,$/MWe,Power MWe,1144,MWe,0.6,2018,Lab and Mat and Equip,"EEDB PWR12-ME + Stewart and Shirvan (2022)

Scales PWR12-ME costs with simplifications based on Stewart and Srhivan (2022)","Stewart, W. R., & Shirvan, K. (2022). Capital cost estimation for advanced nuclear power plants. Renewable and Sustainable Energy Reviews, 155, 111880.",,,Non-nuclear off-the-shelf,0,0,,11348.108816041417,16391.712734282046,Lognormal,0.1,1,0,Truncated Normal
242,2,Station Service Equipment,            Station Service Equipment,standard,,,,,,10483.078127225175,$/MWe,Power MWe,1144,MWe,0.6,2018,Lab and Mat and Equip,,,,,Non-nuclear off-the-shelf,0,0,,9434.770314502657,13628.001565392728,Lognormal,0.1,1,0,Truncated Normal
243,2,Switchboards,            Switchboards,standard,,,,,,3404.0615157416346,$/MWe,Power MWe,1144,MWe,0.6,2018,Lab and Mat and Equip,,,,,Non-nuclear off-the-shelf,0,0,,3063.6553641674714,4425.279970464125,Lognormal,0.1,1,0,Truncated Normal
244,2,Protective Equipment,            Protective Equipment,standard,,,,,,9776.146788199037,$/MWe,Power MWe,1144,MWe,0.6,2018,Lab and Mat and Equip,,,,,Non-nuclear off-the-shelf,0,0,,8798.532109379134,12708.99082465875,Lognormal,0.1,1,0,Truncated Normal
245,2,Electrical Structure & Wiring Container,            Electrical Structure & Wiring Container,standard,,,,,,52720.70251176224,$/MWe,Power MWe,1144,MWe,0.6,2018,Lab and Mat and Equip,,,,,Non-nuclear off-the-shelf,0,0,,47448.63226058602,68536.91326529092,Lognormal,0.1,1,0,Truncated Normal
246,2,Power & Control Wiring,            Power & Control Wiring,standard,,,,,,39871.571219729194,$/MWe,Power MWe,1144,MWe,0.6,2018,Lab and Mat and Equip,,,,,Non-nuclear off-the-shelf,0,0,,35884.41409775628,51833.042585647956,Lognormal,0.1,1,0,Truncated Normal
25,1,Initial Fuel Inventory,      Initial Fuel Inventory,,,,,,,,,,,,,,,,,,,,,,,,,,,,,
251,2,First Core Mining,            First Core Mining,standard,,,,,,184,$/Kg,Natural Uranium Mass,,,,2022,Material,"INL Cost Basis Report & Meta analysis for the nuclear reactor costs

UO2-fueled microreactors: Near-term solutions to emerging markets","Abou-Jaoude, Abdalla, et al. Meta-Analysis of Advanced Nuclear Reactor Cost Estimations. No.
INL/RPT-24-77048-Rev001. Idaho National Laboratory (INL), Idaho Falls, ID (United
States), 2024. 

Abou-Jaoude, A., Y. Arafat, A. Foss, and B. Dixon. 2021. “An Economics-by-Design Approach
Applied to a Heat Pipe Microreactor Concept.” INL/EXT-21-63067, Rev. 000, Idaho
National Laboratory, Idaho Falls, Idaho. https://doi.org/10.2172/1811894. 

Kororush Shirvan, Jacopo Buongiorno, Ruaridh MacDonald, Bradley Dunkin, Sacit Cetiner, Earl Saito, Thomas Conboy, Charles Forsberg,
UO2-fueled microreactors: Near-term solutions to emerging markets,
Nuclear Engineering and Design",,,No Learning,0,0,Lognormal,165.6,239.20000000000002,Lognormal,0.1,1,0,Truncated Normal
252,2,First Core Conversion ,            First Core Conversion ,standard,,,,,,15.1,$/Kg,Natural Uranium Mass,,,,2022,Material,,,,,No Learning,0,0,Lognormal,13.59,19.63,Lognormal,0.1,1,0,Truncated Normal
253,2,First Core Enrichment ,            First Core Enrichment ,nonstandard,,,,,,184.2,$/SWU,SWU,,,1,2022,Material,,,,,No Learning,0,0,Lognormal,165.78,239.45999999999998,Lognormal,0.1,1,0,Truncated Normal
254,2,First Core Fuel Assembly Fabrication ,            First Core Fuel Assembly Fabrication ,standard,TRISO Fueled,No,Fuel,TRIGA_fuel,,1520,$/Kg,Uranium Mass,,,,2023,Material,,,,,Factory Other,0,0,Lognormal,1368,1976,Lognormal,0.1,1,0,Truncated Normal
254,2,First Core Fuel Assembly Fabrication ,            First Core Fuel Assembly Fabrication ,standard,TRISO Fueled,No,Fuel, UO2,,250,$/Kg,Uranium Mass,,,,2023,Material,,,,,Factory Other,0,0,Lognormal,225,325,Lognormal,0.1,1,0,Truncated Normal
254,2,First Core Fuel Assembly Fabrication ,            First Core Fuel Assembly Fabrication ,standard,TRISO Fueled,Yes,,,,10000,$/Kg,Uranium Mass,,,,2009,Material,,,,,Factory Other,0,0,Lognormal,9000,13000,Lognormal,0.1,1,0,Truncated Normal
26,1,Miscellaneous Equipment (Cranes),      Miscellaneous Equipment (Cranes),standard,,,,,1000000,,,,,,,2021,Equipment,A study for the mass manufacruing and factory fabrication of microreactors,"Abou-Jaoude, A., Arafat, Yasir, Foss, Andrew Wilkin, and Dixon, Brent W (2021). An Economics-by-Design Approach Applied to a Heat Pipe Microreactor Concept. 2021. Idaho National Laboratory: Idaho Falls, ID, Idaho National Laboratory.",,,Factory Other,900000,1500000,Lognormal,0,0,Lognormal,0.1,1,0,Truncated Normal
30,0,Capitalized Indirect Services Cost,Capitalized Indirect Services Cost,,,,,,,,,,,,,,,,,,,,,,,,,,,,,
31,1,Factory & field indirect costs,      Factory & field indirect costs,,,,,,,,,,,,,,,,,,,,,,,,,,,,,
32,1,Factory and construction supervision,      Factory and construction supervision,,,,,,,,,,,,,,,,,,,,,,,,,,,,,
33,1,Startup Costs,      Startup Costs,standard,,,,,2407166.4,,,,,,,2024,Lab and Equip,MARVEL,,,,Onsite Learning,2166449.76,3610749.5999999996,Lognormal,0,0,Lognormal,0.1,1,0,Truncated Normal
34,1,Shipping and Transportation Costs,      Shipping and Transportation Costs,standard,,,,,832641.4,,,,,,,2024,Lab and Equip,,,,,Onsite Learning,749377.26,1248962.1,Lognormal,0,0,Lognormal,0.1,1,0,Truncated Normal
35,1,Engineering Services,      Engineering Services,standard,,,,,620313.5877378316,,,,,,,2024,Labor,,,,,Onsite Learning,558282.2289640484,930470.3816067474,Lognormal,0,0,Lognormal,0.1,1,0,Truncated Normal
36,1,PM/CM Services,      PM/CM Services,standard,,,,,416958.9359999997,,,,,,,2024,Labor,,,,,Onsite Learning,375263.04239999974,625438.4039999995,Lognormal,0,0,Lognormal,0.1,1,0,Truncated Normal
40,0,Capitalized training costs,Capitalized training costs,,,,,,,,,,,,,,,,,,,,,,,,,,,,,
41,1,staff recruitment and training,      staff recruitment and training,standard,,,,,300000,,,,,,,2024,Labor,,"Al-Dawood, Khaldoon and Hanna, Botros and Balla, Sai and de Oliveira, Rodrigo and Garcia, Samuel and McCarthy, Dan and Bolisetti, Chandrakanth and Lindley, Ben and Abou-Jaoude, Abdalla, Open-Source Microreactor Design Models for Technoeconomic Assessment. ",https://papers.ssrn.com/sol3/papers.cfm?abstract_id=5163464,,No Learning,270000,450000,Lognormal,0,0,Lognormal,0.1,1,0,Truncated Normal
60,0,Capitalized Financial Costs ,Capitalized Financial Costs ,,,,,,,,,,,,,,,,,,,,,,,,,,,,,
62,1,Interest,      Interest,,,,,,,,,,,,,,,,,,,,,,,,,,,,,
70,0,Annualized O&M Cost ,Annualized O&M Cost ,,,,,,,,,,,,,,,,,,,,,,,,,,,,,
71,1,O&M Staff,      O&M Staff,,,,,,,,,,,,,,,,,,,,,,,,,,,,,
711,2,Operators ,            Operators ,nonstandard,,,,,,178500,$/FTE,Number of Operators,,,1,2024,Labor,,"de Candido, I., A. Al Rashdan, A. Abou-Jaoude, and J. Buongiorno. 2024. “Assessment of Technoeconomic Opportunities in Automation for Nuclear Microreactors.” Nuclear Science and Engineering, 1–20. https://doi.org/10.1080/00295639.2024.2372511.",,,No Learning,0,0,Lognormal,160650,232050,Lognormal,0.1,1,0,Truncated Normal
712,2,Remote Monitoring Technicians ,            Remote Monitoring Technicians ,nonstandard,Operation Mode,Remotely Monitored,,,,178500,$/FTE,Reactors Monitored Per Operator,,,1,2024,Labor,,"de Candido, I., A. Al Rashdan, A. Abou-Jaoude, and J. Buongiorno. 2024. “Assessment of Technoeconomic Opportunities in Automation for Nuclear Microreactors.” Nuclear Science and Engineering, 1–20. https://doi.org/10.1080/00295639.2024.2372511.",,,No Learning,0,0,Lognormal,160650,232050,Lognormal,0.1,1,0,Truncated Normal
713,2,Security Staff ,            Security Staff ,nonstandard,,,,,,178500,$/FTE,Security Staff Per Shift,,,1,2024,Labor,,"de Candido, I., A. Al Rashdan, A. Abou-Jaoude, and J. Buongiorno. 2024. “Assessment of Technoeconomic Opportunities in Automation for Nuclear Microreactors.” Nuclear Science and Engineering, 1–20. https://doi.org/10.1080/00295639.2024.2372511.",,,No Learning,0,0,Lognormal,160650,232050,Lognormal,0.1,1,0,Truncated Normal
72,1,Variable Non-Fuel Costs,      Variable Non-Fuel Costs,,,,,,,,,,,,,,,,,,,,,,,,,,,,,
721,2,Coolant,            Coolant,nonstandard,Coolant,Helium,,,,170,$/Kg,Replacement Coolant Inventory,,Kg,,2024,Material,Fernandez de Losada. (2024). Assessment of the Lifecycle Cost of Nuclear-Grade Coolants for Advanced Reactors. ETHzurich. Swiss.,Fernandez de Losada. (2024). Assessment of the Lifecycle Cost of Nuclear-Grade Coolants for Advanced Reactors. ETHzurich. Swiss.,https://doi.org/10.3929/ethz-b-000709311,Vendor Quoate (Linde) for 3000 cylinders of 99.999% purity Helium. 3000 cylinders correspond to ~4 MT of He.,No Learning,0,0,Lognormal,153,221,Lognormal,0.1,1,0,Truncated Normal
721,2,Coolant,            Coolant,nonstandard,Coolant,NaK,,,,118,$/Kg,Replacement Coolant Inventory,,Kg,,2023,Material,MARVEL Project (communication with MARVEL Team),,,Vendor Quotes,No Learning,0,0,Lognormal,106.2,153.4,Lognormal,0.1,1,0,Truncated Normal
73,1,Regulatory Costs,      Regulatory Costs,standard,,,,,107180,,,,,,,2024,Labor,"NRC annual fees for operating reactors in FY25 is $5,359,000

One assumption could be to consider a single fee for the fleet of microreactors. 
Proposed cost = $5,359,000 per year / (100 reactors per fleet)
Another assumption (anecdotal evidence) is that licensing fee cost is 1-to-1 with the utility cost to support. 
 ",https://www.federalregister.gov/documents/2025/02/19/2025-02779/fee-schedules-fee-recovery-for-fiscal-year-2025,https://www.federalregister.gov/documents/2025/02/19/2025-02779/fee-schedules-fee-recovery-for-fiscal-year-2025,,Licensing Learning,96462,160770,Lognormal,,,,,,,
75,1,Capital Plant Expenditures,      Capital Plant Expenditures,,,,,,,,,,,,,,,"Venneri, (2023) and INL/EXT-21-63067","Venneri, (2023) and INL/EXT-21-63067",,"Implemented on non_direct_cost.py
Cost is scaled as a fraction of CAPEX unless specific parameters are added to indicate more/less frequent replacements (e.g. GCMR)",,,,,,,,,,,
751,2,Annualized Outer Vessel Structure Replacements,            Annualized Outer Vessel Structure Replacements,,,,,,,,,,,,,,,"Venneri, (2023) and INL/EXT-21-63067","Venneri, (2023) and INL/EXT-21-63067",,"Implemented on non_direct_cost.py
Cost is scaled as a fraction of CAPEX unless specific parameters are added to indicate more/less frequent replacements (e.g. GCMR)",,,,,,,,,,,
752,2,Annualized Inner Vessel Structure Replacements,            Annualized Inner Vessel Structure Replacements,,,,,,,,,,,,,,,,,,,,,,,,,,,,,
753,2,Annualized Moderator Replacements,            Annualized Moderator Replacements,,,,,,,,,,,,,,,,,,,,,,,,,,,,,
754,2,Annualized Reflector Replacements,            Annualized Reflector Replacements,,,,,,,,,,,,,,,,,,,,,,,,,,,,,
755,2,Annualized Reactor Control Devices Replacements,            Annualized Reactor Control Devices Replacements,,,,,,,,,,,,,,,,,,,,,,,,,,,,,
757,2,Annualized Moderator Booster Replacements,            Annualized Moderator Booster Replacements,,,,,,,,,,,,,,,,,,,,,,,,,,,,,
759,2,Annualized Plant Maintenance (Misc.),            Annualized Plant Maintenance (Misc.),,,,,,,,,,,,,,,,,,,,,,,,,,,,,
759.1,3,Annualized Building and Structural Maintenance (Accounts 212–215),                  Annualized Building and Structural Maintenance (Accounts 212–215),,,,,,,,,,,,,,,,,,,,,,,,,,,,,
759.2,3,Annualized Main Heat Transport System Maintenance (Accounts 222.1–222.3 and 222.6),                  Annualized Main Heat Transport System Maintenance (Accounts 222.1–222.3 and 222.6),,,,,,,,,,,,,,,,,,,,,,,,,,,,,
759.3,3,Annualized Safety System Maintenance (Account 223),                  Annualized Safety System Maintenance (Account 223),,,,,,,,,,,,,,,,,,,,,,,,,,,,,
759.4,3,"Annualized Reactor Plant Equipment Maintenance (Accounts 221.11, 226, and 228)","                  Annualized Reactor Plant Equipment Maintenance (Accounts 221.11, 226, and 228)",,,,,,,,,,,,,,,,,,,,,,,,,,,,,
759.5,3,Annualized Reactor I&C Maintenance (Account 227),                  Annualized Reactor I&C Maintenance (Account 227),,,,,,,,,,,,,,,,,,,,,,,,,,,,,
759.6,3,Annualized Energy Conversion System Maintenance (Account 23),                  Annualized Energy Conversion System Maintenance (Account 23),,,,,,,,,,,,,,,,,,,,,,,,,,,,,
759.7,3,Annualized Electrical Equipment Maintenance (Account 24),                  Annualized Electrical Equipment Maintenance (Account 24),,,,,,,,,,,,,,,,,,,,,,,,,,,,,
759.8,3,Annualized Miscellaneous Equipment Maintenance (Account 26),                  Annualized Miscellaneous Equipment Maintenance (Account 26),,,,,,,,,,,,,,,,,,,,,,,,,,,,,
78,1,Annualized Decommissioning Cost,      Annualized Decommissioning Cost,,,,,,,,,,,,,,,,,,"Implemented on non_direct_cost.py
The cost is scaled as a fraction of CAPEX (15%)",,,,,,,,,,,
80,0,Annualized Fuel Cost,Annualized Fuel Cost,,,,,,,,,,,,,,,,,,,,,,,,,,,,,
81,1,Refueling Operations,      Refueling Operations,nonstandard,,,,,,178500,$/FTE,Number of Operators,,,1,2024,Labor,,"de Candido, I., A. Al Rashdan, A. Abou-Jaoude, and J. Buongiorno. 2024. “Assessment of Technoeconomic Opportunities in Automation for Nuclear Microreactors.” Nuclear Science and Engineering, 1–20. https://doi.org/10.1080/00295639.2024.2372511.",,,No Learning,0,0,Lognormal,160650,232050,Lognormal,0.1,1,0,Truncated Normal
82,1,Additional Nuclear Fuel,      Additional Nuclear Fuel,,,,,,,,,,,,,,,,,,,,,,,,,,,,,
83,1,Spent Fuel Management,      Spent Fuel Management,standard,,,,,,1,$/MWeHour,Annual Electricity Production,,,1,2024,Lab and Mat and Equip,,,,,No Learning,0,0,Lognormal,0.9,1.3,Lognormal,0.1,1,0,Truncated Normal
